{"cameraMode":{"drawMode":0,"name":"Shaded","section":"Shading Mode"},"sceneLighting":true,"audioPlay":false,"sceneViewState":{"m_AlwaysRefresh":false,"showFog":true,"showSkybox":true,"showFlares":true,"showImageEffects":true,"showParticleSystems":true,"showVisualEffectGraphs":true,"m_FxEnabled":true},"in2DMode":false,"pivot":{"x":-53.024070739746097,"y":12.073927879333496,"z":66.62799072265625},"rotation":{"x":-0.01505194790661335,"y":0.9849493503570557,"z":-0.12076365947723389,"w":-0.12276344746351242},"size":41.79951095581055,"orthographic":false}