{"cameraMode":{"drawMode":0,"name":"Shaded","section":"Shading Mode"},"sceneLighting":false,"audioPlay":false,"sceneViewState":{"m_AlwaysRefresh":false,"showFog":true,"showSkybox":false,"showFlares":true,"showImageEffects":true,"showParticleSystems":true,"showVisualEffectGraphs":true,"m_FxEnabled":true},"in2DMode":false,"pivot":{"x":-0.0012420117855072022,"y":1.558110237121582,"z":0.01343502476811409},"rotation":{"x":-0.0312732569873333,"y":-0.8657066822052002,"z":0.4966019093990326,"w":-0.05451960489153862},"size":1.6643459796905518,"orthographic":false}