{"cameraMode":{"drawMode":0,"name":"Shaded","section":"Shading Mode"},"sceneLighting":false,"audioPlay":false,"sceneViewState":{"m_AlwaysRefresh":false,"showFog":true,"showSkybox":false,"showFlares":true,"showImageEffects":true,"showParticleSystems":true,"showVisualEffectGraphs":true,"m_FxEnabled":true},"in2DMode":false,"pivot":{"x":0.00001049041748046875,"y":0.10220007598400116,"z":0.04759979248046875},"rotation":{"x":-0.344594269990921,"y":-0.004602748900651932,"z":0.0016894836444407702,"w":-0.9387431740760803},"size":33.58375549316406,"orthographic":false}