{"cameraMode":{"drawMode":0,"name":"Shaded","section":"Shading Mode"},"sceneLighting":false,"audioPlay":false,"sceneViewState":{"m_AlwaysRefresh":false,"showFog":true,"showSkybox":false,"showFlares":true,"showImageEffects":true,"showParticleSystems":true,"showVisualEffectGraphs":true,"m_FxEnabled":true},"in2DMode":false,"pivot":{"x":-0.43278074264526369,"y":0.2434769719839096,"z":0.43211841583251955},"rotation":{"x":0.034529052674770358,"y":-0.8753981590270996,"z":0.47801628708839419,"w":0.0632312074303627},"size":20.73330307006836,"orthographic":false}